id,fetched_at,product_id,title,url,raw_title,clean_title,category
1,2026-02-20T03:50:33+00:00,RJ01568177,"【歯フェチ合同誌】歯フェチんち",https://www.dlsite.com/maniax/work/=/product_id/RJ01568177.html,,,
2,2026-02-20T03:50:33+00:00,RJ01566527,"サキュバスラバー ハイテク女スパイ性処理メス犬化実験",https://www.dlsite.com/maniax/work/=/product_id/RJ01566527.html,,,
3,2026-02-20T03:50:34+00:00,RJ01572005,"2026年03月05日 23時59分 割引終了
      
            
        

        

        
              

             悪ぅ〜いボンデージお姉さんVSマゾヒーロー",https://www.dlsite.com/maniax/work/=/product_id/RJ01572005.html,,,
4,2026-02-20T03:50:34+00:00,RJ01567578,"2026年03月19日 23時59分 割引終了
      
            
        

        

        
              

             大好きな先輩がヤリサーの穴だった",https://www.dlsite.com/maniax/work/=/product_id/RJ01567578.html,,,
5,2026-02-20T03:50:34+00:00,RJ01566566,"2026年03月01日 23時59分 割引終了
      
            
        

        

        
              

             悪党に捕まったら普通こうなる",https://www.dlsite.com/maniax/work/=/product_id/RJ01566566.html,,,
6,2026-02-20T03:50:34+00:00,RJ01565490,"2026年03月05日 23時59分 割引終了
      
            
        

        
専売
        
              

             ニュルニュルーアーカイブ+触雷航線",https://www.dlsite.com/maniax/work/=/product_id/RJ01565490.html,,,
7,2026-02-20T03:50:34+00:00,RJ01566574,"潜伏中のくノ一捕縛脱糞尋問",https://www.dlsite.com/maniax/work/=/product_id/RJ01566574.html,,,
8,2026-02-20T03:50:34+00:00,RJ01564486,"2026年03月05日 23時59分 割引終了
      
            
        

        
専売
        
              

             サングリア宮殿2024支援サイトまとめ",https://www.dlsite.com/maniax/work/=/product_id/RJ01564486.html,,,
9,2026-02-20T03:50:34+00:00,RJ01565510,"可愛いおちんちんが見たい！！ CG集",https://www.dlsite.com/maniax/work/=/product_id/RJ01565510.html,,,
10,2026-02-20T03:50:34+00:00,RJ01571753,"2026年02月26日 23時59分 割引終了
      
            
        

        

        
              

             魔物娘世界「まとめCG集」",https://www.dlsite.com/maniax/work/=/product_id/RJ01571753.html,,,
11,2026-02-20T03:50:34+00:00,RJ01571963,"2026年02月20日 23時59分 割引終了
      
            
        

        

        
              

             【差分64枚！】tw様とI字バランスゼリー排泄なかだしえっちCG集",https://www.dlsite.com/maniax/work/=/product_id/RJ01571963.html,,,
12,2026-02-20T03:50:34+00:00,RJ01564165,"2026年02月26日 23時59分 割引終了
      
            
        

        

        
              

             ラブドールメイドによるクリトリスお掃除",https://www.dlsite.com/maniax/work/=/product_id/RJ01564165.html,,,
13,2026-02-20T03:50:34+00:00,RJ01552318,"2026年03月19日 23時59分 割引終了
      
            
        

        
専売
        
              

             アストレイさん電流刺激実験",https://www.dlsite.com/maniax/work/=/product_id/RJ01552318.html,,,
14,2026-02-20T03:50:34+00:00,RJ01560423,"おねえさんといっしょ スパルタタイプの次女",https://www.dlsite.com/maniax/work/=/product_id/RJ01560423.html,,,
15,2026-02-20T03:50:34+00:00,RJ01571725,"2026年03月05日 23時59分 割引終了
      
            
        

        

        
              

             LAN_イラスト集53_神咲リエ",https://www.dlsite.com/maniax/work/=/product_id/RJ01571725.html,,,
16,2026-02-20T04:40:12+00:00,RJ01562138,"かじょサポ～スピリチュアルメイドのご奉仕は脳までとろける～",https://www.dlsite.com/maniax/work/=/product_id/RJ01562138.html,,"かじょサポ～スピリチュアルメイドのご奉仕は脳までとろける～",illust
17,2026-02-20T04:40:12+00:00,RJ01393314,"スニークバインド",https://www.dlsite.com/maniax/work/=/product_id/RJ01393314.html,,"スニークバインド",illust
18,2026-02-20T04:40:12+00:00,RJ01525149,"エルネのはじめての御使い",https://www.dlsite.com/maniax/work/=/product_id/RJ01525149.html,,"エルネのはじめての御使い",illust
19,2026-02-20T04:40:12+00:00,RJ01537879,"エリック傭兵団～寝取られていく仲間たち～",https://www.dlsite.com/maniax/work/=/product_id/RJ01537879.html,,"エリック傭兵団～寝取られていく仲間たち～",illust
20,2026-02-20T04:40:12+00:00,RJ01570713,"ウチの子がえっちな敵と戦って敗北する話  ～負け癖スタンプ前編～",https://www.dlsite.com/maniax/work/=/product_id/RJ01570713.html,,"ウチの子がえっちな敵と戦って敗北する話 ～負け癖スタンプ前編～",illust
21,2026-02-20T04:40:12+00:00,RJ01531704,"▼勇者レベルアップでシスターから祝福をII",https://www.dlsite.com/maniax/work/=/product_id/RJ01531704.html,,"▼勇者レベルアップでシスターから祝福をII",illust
22,2026-02-20T04:40:12+00:00,RJ01561114,"ピュアソルジャー・オトメイデン #12. 終焉のゼロ",https://www.dlsite.com/maniax/work/=/product_id/RJ01561114.html,,"ピュアソルジャー・オトメイデン #12. 終焉のゼロ",illust
23,2026-02-20T04:40:12+00:00,RJ01569413,"征服 催○紅魔館",https://www.dlsite.com/maniax/work/=/product_id/RJ01569413.html,,"征服 催○紅魔館",illust
24,2026-02-20T04:40:12+00:00,RJ01556660,"【乳首カリカリ特化】わる～い女の子様の乳首責めP活♪【お貢ぎマゾ】",https://www.dlsite.com/maniax/work/=/product_id/RJ01556660.html,,"【乳首カリカリ特化】わる～い女の子様の乳首責めP活♪【お貢ぎマゾ】",illust
25,2026-02-20T04:40:12+00:00,RJ01546918,"マケヒメゼンラ ～敗戦国の姫君は中央広場で全裸にされる～",https://www.dlsite.com/maniax/work/=/product_id/RJ01546918.html,,"マケヒメゼンラ ～敗戦国の姫君は中央広場で全裸にされる～",illust
26,2026-02-20T04:40:12+00:00,RJ01569582,"魔法少女を憑依乗っ取り本",https://www.dlsite.com/maniax/work/=/product_id/RJ01569582.html,,"魔法少女を憑依乗っ取り本",illust
27,2026-02-20T04:40:12+00:00,RJ01562608,"最強女騎士、よわよわ勇者にあまあま射精修行",https://www.dlsite.com/maniax/work/=/product_id/RJ01562608.html,,"最強女騎士、よわよわ勇者にあまあま射精修行",illust
28,2026-02-20T04:40:12+00:00,RJ01555417,"ヒーローVS女幹部～大事な彼女がいるのにKカップむちむちドスケベボディで誘惑され無様にマゾ堕ち裏切り敗北射精させられる話～",https://www.dlsite.com/maniax/work/=/product_id/RJ01555417.html,,"ヒーローVS女幹部～大事な彼女がいるのにKカップむちむちドスケベボディで誘惑され無様にマゾ堕ち裏切り敗北射精させられる話～",illust
29,2026-02-20T04:40:12+00:00,RJ01554057,"キリ娘ルート Another #10 前編 〜夢の終わり、そして… VRシンクロ絶頂編〜",https://www.dlsite.com/maniax/work/=/product_id/RJ01554057.html,,"キリ娘ルート Another #10 前編 〜夢の終わり、そして… VRシンクロ絶頂編〜",illust
30,2026-02-20T04:40:12+00:00,RJ01554158,"エリカと最期の7日間",https://www.dlsite.com/maniax/work/=/product_id/RJ01554158.html,,"エリカと最期の7日間",illust
31,2026-02-20T04:40:12+00:00,RJ01563144,"【✅️28日間限定✨️25%OFF✨️】浮気ごっこ♡「彼女さんと上手くいってないの?話聞こっか?」【ダウナー×幼馴染】",https://www.dlsite.com/maniax/work/=/product_id/RJ01563144.html,,"【✅️28日間限定✨️25%OFF✨️】浮気ごっこ♡「彼女さんと上手くいってないの?話聞こっか?」【ダウナー×幼馴染】",illust
32,2026-02-20T04:40:12+00:00,RJ01563293,"【濃厚メス堕ち施術】ふたなりお姉さん職員の執拗な乳首責めと逆アナル挿入で、二度と男に戻れなくなる話♡【KU100】",https://www.dlsite.com/maniax/work/=/product_id/RJ01563293.html,,"【濃厚メス堕ち施術】ふたなりお姉さん職員の執拗な乳首責めと逆アナル挿入で、二度と男に戻れなくなる話♡【KU100】",illust
33,2026-02-20T04:40:12+00:00,RJ01492305,"催○調教セラピー ～爆乳W若妻を悦楽で堕とす秘密カルテ～",https://www.dlsite.com/maniax/work/=/product_id/RJ01492305.html,,"催○調教セラピー ～爆乳W若妻を悦楽で堕とす秘密カルテ～",illust
34,2026-02-20T04:40:12+00:00,RJ01570820,"近所のお姉さんに溺愛されている僕は、今日も乳首を弄ばれる",https://www.dlsite.com/maniax/work/=/product_id/RJ01570820.html,,"近所のお姉さんに溺愛されている僕は、今日も乳首を弄ばれる",illust
35,2026-02-20T04:40:12+00:00,RJ01570869,"コスプレおばさん失禁ファイト！～前編～",https://www.dlsite.com/maniax/work/=/product_id/RJ01570869.html,,"コスプレおばさん失禁ファイト！～前編～",illust
36,2026-02-20T04:40:12+00:00,RJ01565615,"女神官がゴブリンに孕まされるLive2D",https://www.dlsite.com/maniax/work/=/product_id/RJ01565615.html,,"女神官がゴブリンに孕まされるLive2D",illust
37,2026-02-20T04:40:12+00:00,RJ01570433,"【200本達成でEXtrack追加】おとなのおちんぽほいくえん～ミルクぴゅっぴゅがちんぽのおちごと♡～あかりママ編",https://www.dlsite.com/maniax/work/=/product_id/RJ01570433.html,,"【200本達成でEXtrack追加】おとなのおちんぽほいくえん～ミルクぴゅっぴゅがちんぽのおちごと♡～あかりママ編",illust
38,2026-02-20T04:40:12+00:00,RJ01570331,"えっちな発情除霊大会",https://www.dlsite.com/maniax/work/=/product_id/RJ01570331.html,,"えっちな発情除霊大会",illust
39,2026-02-20T04:40:12+00:00,RJ01570312,"少女スパイ足裏くすぐり連続絶頂○問訓練・完全版",https://www.dlsite.com/maniax/work/=/product_id/RJ01570312.html,,"少女スパイ足裏くすぐり連続絶頂○問訓練・完全版",illust
40,2026-02-20T04:40:12+00:00,RJ01562723,"お弁当屋さんの裏稼業",https://www.dlsite.com/maniax/work/=/product_id/RJ01562723.html,,"お弁当屋さんの裏稼業",illust
41,2026-02-20T04:40:12+00:00,RJ342682,"デリヘル男の娘2 男の娘しかヌけない僕",https://www.dlsite.com/maniax/work/=/product_id/RJ342682.html,,"デリヘル男の娘2 男の娘しかヌけない僕",illust
42,2026-02-20T04:40:12+00:00,RJ01563351,"GR-ジャイアントらんさま-",https://www.dlsite.com/maniax/work/=/product_id/RJ01563351.html,,"GR-ジャイアントらんさま-",illust
43,2026-02-20T04:40:12+00:00,RJ01563838,"【実演】窒息フェチのマゾ女が革ベルトで大好きな首絞めオナニー 呼吸管理と中イキ特化で連続酸欠アクメ 低音ハスキーでオホりながら大量潮吹き【進藤あずさ】",https://www.dlsite.com/maniax/work/=/product_id/RJ01563838.html,,"【実演】窒息フェチのマゾ女が革ベルトで大好きな首絞めオナニー 呼吸管理と中イキ特化で連続酸欠アクメ 低音ハスキーでオホりながら大量潮吹き【進藤あずさ】",illust
44,2026-02-20T04:40:12+00:00,RJ01567725,"露出フレンズ 二夜",https://www.dlsite.com/maniax/work/=/product_id/RJ01567725.html,,"露出フレンズ 二夜",illust
45,2026-02-20T04:40:12+00:00,RJ01551798,"【実演オナニー】王子様系の低音ボイス女子が19分間の寸止め企画にチャレンジ！巨大ディルドでオホりながら必至に我慢！ラストはノンストップ雑魚マン連続絶頂！【甘鳴詩】",https://www.dlsite.com/maniax/work/=/product_id/RJ01551798.html,,"【実演オナニー】王子様系の低音ボイス女子が19分間の寸止め企画にチャレンジ！巨大ディルドでオホりながら必至に我慢！ラストはノンストップ雑魚マン連続絶頂！【甘鳴詩】",illust
46,2026-02-20T04:40:12+00:00,RJ01562722,"僕とあの子と彼氏の露天風呂～童貞だけ許されない混浴乱交パーティ～",https://www.dlsite.com/maniax/work/=/product_id/RJ01562722.html,,"僕とあの子と彼氏の露天風呂～童貞だけ許されない混浴乱交パーティ～",illust
47,2026-02-20T04:40:12+00:00,RJ01556424,"生ハメ隷属契約～貴族のお嬢様、愛する人のために毎晩オジサマに抱かれる～",https://www.dlsite.com/maniax/work/=/product_id/RJ01556424.html,,"生ハメ隷属契約～貴族のお嬢様、愛する人のために毎晩オジサマに抱かれる～",illust
48,2026-02-20T04:40:12+00:00,RJ01571383,"淫欲王の迷宮～爆乳聖騎士とダンジョン探索～",https://www.dlsite.com/maniax/work/=/product_id/RJ01571383.html,,"淫欲王の迷宮～爆乳聖騎士とダンジョン探索～",illust
49,2026-02-20T04:40:12+00:00,RJ01571538,"初対面のエロ絵師仲間とオフパコする本",https://www.dlsite.com/maniax/work/=/product_id/RJ01571538.html,,"初対面のエロ絵師仲間とオフパコする本",illust
50,2026-02-20T04:40:12+00:00,RJ01570581,"オフィスゴースト",https://www.dlsite.com/maniax/work/=/product_id/RJ01570581.html,,"オフィスゴースト",illust
51,2026-02-20T04:40:12+00:00,RJ01566990,"癒され布団の性悪付喪神",https://www.dlsite.com/maniax/work/=/product_id/RJ01566990.html,,"癒され布団の性悪付喪神",illust
52,2026-02-20T04:40:12+00:00,RJ01569699,"【鼻先1cmちん嗅ぎしてくる発情メス】蓮水あまねのガニ股腰ヘコオナニーが止まらない【えっぐい嗅ぎ音を耳元で体感せよ】",https://www.dlsite.com/maniax/work/=/product_id/RJ01569699.html,,"【鼻先1cmちん嗅ぎしてくる発情メス】蓮水あまねのガニ股腰ヘコオナニーが止まらない【えっぐい嗅ぎ音を耳元で体感せよ】",illust
53,2026-02-20T04:40:12+00:00,RJ01550694,"【シコりた～い実演オナニー】あなたと生ハメセックス♪獣のようなイキ声のえっちな人妻によるリアルなオナニー【ももか】",https://www.dlsite.com/maniax/work/=/product_id/RJ01550694.html,,"【シコりた～い実演オナニー】あなたと生ハメセックス♪獣のようなイキ声のえっちな人妻によるリアルなオナニー【ももか】",illust
54,2026-02-20T04:40:12+00:00,RJ01550735,"【シコりた～い実演オナニー】みんな大好きべにおな♪癒し系ボイスと絶頂オホ声のトンデモギャップをご査収ください【紅緒なほこ】",https://www.dlsite.com/maniax/work/=/product_id/RJ01550735.html,,"【シコりた～い実演オナニー】みんな大好きべにおな♪癒し系ボイスと絶頂オホ声のトンデモギャップをご査収ください【紅緒なほこ】",illust
55,2026-02-20T04:40:12+00:00,RJ01569588,"【鑑賞系実演】ドン引き不可避の超ド変態羞恥芸動画を望月うにゅ様に鑑賞、実況していただきました",https://www.dlsite.com/maniax/work/=/product_id/RJ01569588.html,,"【鑑賞系実演】ドン引き不可避の超ド変態羞恥芸動画を望月うにゅ様に鑑賞、実況していただきました",illust
56,2026-02-20T04:40:12+00:00,RJ01570943,"互いの母親と恋人になった僕と友達は… モーションコミック版",https://www.dlsite.com/maniax/work/=/product_id/RJ01570943.html,,"互いの母親と恋人になった僕と友達は… モーションコミック版",illust
57,2026-02-20T04:40:12+00:00,RJ01567402,"小悪魔系後輩ギャルは『隠れxx』～彼女の性癖を満たす卒業記念エッチ～(KU100マイク収録作品)",https://www.dlsite.com/maniax/work/=/product_id/RJ01567402.html,,"小悪魔系後輩ギャルは『隠れxx』～彼女の性癖を満たす卒業記念エッチ～(KU100マイク収録作品)",illust
58,2026-02-20T04:40:12+00:00,RJ01566228,"スケブまとめ漫画",https://www.dlsite.com/maniax/work/=/product_id/RJ01566228.html,,"スケブまとめ漫画",illust
59,2026-02-20T04:40:12+00:00,RJ01568187,"裏アカで釣った男とオフパコするのがやめられません",https://www.dlsite.com/maniax/work/=/product_id/RJ01568187.html,,"裏アカで釣った男とオフパコするのがやめられません",illust
60,2026-02-20T04:40:12+00:00,RJ01569612,"枕営業でお下品羞恥芸をさせられたアイドル彼女の報告",https://www.dlsite.com/maniax/work/=/product_id/RJ01569612.html,,"枕営業でお下品羞恥芸をさせられたアイドル彼女の報告",illust
61,2026-02-20T04:40:12+00:00,RJ01563787,"勉強熱心な新人セラピストがサービス旺盛すぎて…密着オイルマッサージで興奮し我慢できずに生挿入",https://www.dlsite.com/maniax/work/=/product_id/RJ01563787.html,,"勉強熱心な新人セラピストがサービス旺盛すぎて…密着オイルマッサージで興奮し我慢できずに生挿入",illust
62,2026-02-20T04:40:12+00:00,RJ01570179,"喪処女人妻初夜NTRs",https://www.dlsite.com/maniax/work/=/product_id/RJ01570179.html,,"喪処女人妻初夜NTRs",illust
63,2026-02-20T04:40:12+00:00,RJ01562383,"【韓国語版】桜春女学院の男優 5",https://www.dlsite.com/maniax/work/=/product_id/RJ01562383.html,,"【韓国語版】桜春女学院の男優 5",illust
64,2026-02-20T04:40:12+00:00,RJ01570908,"スタートゥインクルぷにキュア 2",https://www.dlsite.com/maniax/work/=/product_id/RJ01570908.html,,"スタートゥインクルぷにキュア 2",illust
65,2026-02-20T04:40:12+00:00,RJ01550491,"【紫ノ雫 暗示】Vol.3 ヤンデレな恋人に暗示をかけられて堕ち我慢させられて弄ばれる",https://www.dlsite.com/maniax/work/=/product_id/RJ01550491.html,,"【紫ノ雫 暗示】Vol.3 ヤンデレな恋人に暗示をかけられて堕ち我慢させられて弄ばれる",illust
66,2026-02-20T04:40:12+00:00,RJ01570189,"えっちなエステサロンにようこそ 篠崎一家編2",https://www.dlsite.com/maniax/work/=/product_id/RJ01570189.html,,"えっちなエステサロンにようこそ 篠崎一家編2",illust
67,2026-02-20T04:40:12+00:00,RJ01567103,"性教育・交尾！初潮前の美少女拉致って専用オナホにする話",https://www.dlsite.com/maniax/work/=/product_id/RJ01567103.html,,"性教育・交尾！初潮前の美少女拉致って専用オナホにする話",illust
68,2026-02-20T04:40:12+00:00,RJ01571560,"隣人さんから性欲のおすそ分け",https://www.dlsite.com/maniax/work/=/product_id/RJ01571560.html,,"隣人さんから性欲のおすそ分け",illust
69,2026-02-20T04:40:12+00:00,RJ01568500,"【M向け】騎乗位で好き勝手ちんぽ使われて、射精しても止めてもらえずオモチャにされるだけの音声",https://www.dlsite.com/maniax/work/=/product_id/RJ01568500.html,,"【M向け】騎乗位で好き勝手ちんぽ使われて、射精しても止めてもらえずオモチャにされるだけの音声",illust
70,2026-02-20T04:40:12+00:00,RJ01562845,"お姉さんに催○でたっぷりメス落ちさせられちゃうASMR",https://www.dlsite.com/maniax/work/=/product_id/RJ01562845.html,,"お姉さんに催○でたっぷりメス落ちさせられちゃうASMR",illust
71,2026-02-20T04:40:12+00:00,RJ01571365,"【シナリオ同梱】✅CV.白雪ふわり様✅わがまま処女令嬢が異世界転生！！  巨根の王子にわからせSEX三昧でラブラブ快楽堕ち〜毒林檎は舌の上で溶ける〜",https://www.dlsite.com/maniax/work/=/product_id/RJ01571365.html,,"【シナリオ同梱】✅CV.白雪ふわり様✅わがまま処女令嬢が異世界転生！！ 巨根の王子にわからせSEX三昧でラブラブ快楽堕ち〜毒林檎は舌の上で溶ける〜",illust
72,2026-02-20T04:40:12+00:00,RJ01565509,"可愛いおちんちんが見たい！！",https://www.dlsite.com/maniax/work/=/product_id/RJ01565509.html,,"可愛いおちんちんが見たい！！",illust
73,2026-02-20T04:40:12+00:00,RJ01571890,"【ファンタジー/女騎士/巨乳堕落】 老いた帝王の征服録 暴君は高貴なる王妃・騎士・聖女を悉く支配する 〜強気黒髪女騎士陥落編 5〜",https://www.dlsite.com/maniax/work/=/product_id/RJ01571890.html,,"【ファンタジー/女騎士/巨乳堕落】 老いた帝王の征服録 暴君は高貴なる王妃・騎士・聖女を悉く支配する 〜強気黒髪女騎士陥落編 5〜",illust
74,2026-02-20T04:40:12+00:00,RJ01535851,"清純派女優 24歳 第5巻 背徳のヘアヌード写真集 後篇",https://www.dlsite.com/maniax/work/=/product_id/RJ01535851.html,,"清純派女優 24歳 第5巻 背徳のヘアヌード写真集 後篇",illust
75,2026-02-20T04:40:12+00:00,RJ01569340,"解灵少女:废校",https://www.dlsite.com/maniax/work/=/product_id/RJ01569340.html,,"解灵少女:废校",illust
76,2026-02-20T04:40:12+00:00,RJ01439100,"【韓国語版】玄関の鍵はち○ぽをイカせる事によって、施錠する世界の話。",https://www.dlsite.com/maniax/work/=/product_id/RJ01439100.html,,"【韓国語版】玄関の鍵はち○ぽをイカせる事によって、施錠する世界の話。",illust
77,2026-02-20T04:40:12+00:00,RJ01561690,"【簡体中文版】夜、誰もいない公園で・・・",https://www.dlsite.com/maniax/work/=/product_id/RJ01561690.html,,"【簡体中文版】夜、誰もいない公園で・・・",illust
78,2026-02-20T04:40:12+00:00,RJ01551573,"格闘技っぽい吐息の素材集vol.1",https://www.dlsite.com/maniax/work/=/product_id/RJ01551573.html,,"格闘技っぽい吐息の素材集vol.1",illust
79,2026-02-20T04:40:12+00:00,RJ01541648,"自白の強要 ～放課後の密室、3人の女子アスリートによる打撃と絞めのリンチ～",https://www.dlsite.com/maniax/work/=/product_id/RJ01541648.html,,"自白の強要 ～放課後の密室、3人の女子アスリートによる打撃と絞めのリンチ～",illust
80,2026-02-20T04:40:12+00:00,RJ01534589,"クリエイターの私が本当に欲しかった音声素材79",https://www.dlsite.com/maniax/work/=/product_id/RJ01534589.html,,"クリエイターの私が本当に欲しかった音声素材79",illust
81,2026-02-20T04:40:12+00:00,RJ01564731,"褐色先輩といっしょに特訓！",https://www.dlsite.com/maniax/work/=/product_id/RJ01564731.html,,"褐色先輩といっしょに特訓！",illust
82,2026-02-20T04:40:12+00:00,RJ01571962,"子持ちママたちの卑猥な性生活がこちら",https://www.dlsite.com/maniax/work/=/product_id/RJ01571962.html,,"子持ちママたちの卑猥な性生活がこちら",illust
83,2026-02-20T04:40:12+00:00,RJ01566851,"【6日間の射精管理】愛ある罵倒バージョン",https://www.dlsite.com/maniax/work/=/product_id/RJ01566851.html,,"【6日間の射精管理】愛ある罵倒バージョン",illust
84,2026-02-20T04:40:12+00:00,RJ01571813,"筋肉スポーツ少女",https://www.dlsite.com/maniax/work/=/product_id/RJ01571813.html,,"筋肉スポーツ少女",illust
85,2026-02-20T04:40:12+00:00,RJ01552397,"ドライオーガズム6ヶ月完全開発ガイド 催○・乳首・前立腺の3軸メソッド",https://www.dlsite.com/maniax/work/=/product_id/RJ01552397.html,,"ドライオーガズム6ヶ月完全開発ガイド 催○・乳首・前立腺の3軸メソッド",illust
86,2026-02-20T04:40:12+00:00,RJ01569133,"【繁体中文版】ナイショの恋と学園祭 -先生×教え子#5-",https://www.dlsite.com/maniax/work/=/product_id/RJ01569133.html,,"【繁体中文版】ナイショの恋と学園祭 -先生×教え子#5-",illust
87,2026-02-20T04:40:12+00:00,RJ01487657,"【簡体中文版】ふたなり馬ちん娘が擬牝台オナニーにドハマりする話&ふたなり馬ちん娘がふたなりナースをハメ倒す話",https://www.dlsite.com/maniax/work/=/product_id/RJ01487657.html,,"【簡体中文版】ふたなり馬ちん娘が擬牝台オナニーにドハマりする話&ふたなり馬ちん娘がふたなりナースをハメ倒す話",illust
88,2026-02-20T04:40:12+00:00,RJ01557635,"【繁体中文版】家出ギャルな先輩は簡単にヤらせてくれる5",https://www.dlsite.com/maniax/work/=/product_id/RJ01557635.html,,"【繁体中文版】家出ギャルな先輩は簡単にヤらせてくれる5",illust
89,2026-02-20T04:40:12+00:00,RJ01544116,"【繁体中文版】ママと子鬼とちんぽ虫",https://www.dlsite.com/maniax/work/=/product_id/RJ01544116.html,,"【繁体中文版】ママと子鬼とちんぽ虫",illust
90,2026-02-20T04:40:12+00:00,RJ01554778,"【繁体中文版】僕が勇者になった理由",https://www.dlsite.com/maniax/work/=/product_id/RJ01554778.html,,"【繁体中文版】僕が勇者になった理由",illust
91,2026-02-20T04:40:12+00:00,RJ01553215,"【韓国語版】無表情美人によるM男開発録",https://www.dlsite.com/maniax/work/=/product_id/RJ01553215.html,,"【韓国語版】無表情美人によるM男開発録",illust
92,2026-02-20T04:40:12+00:00,RJ01539751,"【繁体中文版】男女比1:39の平行世界は思いのほか異常(Fantia2025年10月〜12月まとめ)",https://www.dlsite.com/maniax/work/=/product_id/RJ01539751.html,,"【繁体中文版】男女比1:39の平行世界は思いのほか異常(Fantia2025年10月〜12月まとめ)",illust
93,2026-02-20T04:40:12+00:00,RJ01561729,"【韓国語版】サバイバル・ハイスクール シーズン1 エピソード2【セミカラーVer.】",https://www.dlsite.com/maniax/work/=/product_id/RJ01561729.html,,"【韓国語版】サバイバル・ハイスクール シーズン1 エピソード2【セミカラーVer.】",illust
94,2026-02-20T04:40:12+00:00,RJ01555637,"【韓国語版】女王さまのおしょくじ",https://www.dlsite.com/maniax/work/=/product_id/RJ01555637.html,,"【韓国語版】女王さまのおしょくじ",illust
95,2026-02-20T04:40:12+00:00,RJ01567472,"僕のマンションにはエロい人妻しかいない！！4〜瞳と真鈴の修羅場3P〜",https://www.dlsite.com/maniax/work/=/product_id/RJ01567472.html,,"僕のマンションにはエロい人妻しかいない！！4〜瞳と真鈴の修羅場3P〜",illust
96,2026-02-20T04:40:12+00:00,RJ01568749,"近親姦中毒 第2話",https://www.dlsite.com/maniax/work/=/product_id/RJ01568749.html,,"近親姦中毒 第2話",illust
97,2026-02-20T04:40:12+00:00,RJ01570650,"ぴぐみょん効果音素材集057爆発02",https://www.dlsite.com/maniax/work/=/product_id/RJ01570650.html,,"ぴぐみょん効果音素材集057爆発02",illust
98,2026-02-20T04:40:12+00:00,RJ01549233,"【ドS】毒舌クールメイドのドスケベ淫語連呼手コキ",https://www.dlsite.com/maniax/work/=/product_id/RJ01549233.html,,"【ドS】毒舌クールメイドのドスケベ淫語連呼手コキ",illust
99,2026-02-20T04:40:12+00:00,RJ01571609,"私は犯して私は犯されて",https://www.dlsite.com/maniax/work/=/product_id/RJ01571609.html,,"私は犯して私は犯されて",illust
100,2026-02-20T04:40:12+00:00,RJ01571808,"妹ショート漫画  フェラ",https://www.dlsite.com/maniax/work/=/product_id/RJ01571808.html,,"妹ショート漫画 フェラ",illust
101,2026-02-20T04:40:12+00:00,RJ01571716,"巨乳の妹とぬくぬく日和",https://www.dlsite.com/maniax/work/=/product_id/RJ01571716.html,,"巨乳の妹とぬくぬく日和",illust
102,2026-02-20T04:40:12+00:00,RJ01572023,"【ASMR】ゆうな-駅トイレ-盗〇-妄想オナニー-便〇擦り付け-私服-19分13秒",https://www.dlsite.com/maniax/work/=/product_id/RJ01572023.html,,"【ASMR】ゆうな-駅トイレ-盗〇-妄想オナニー-便〇擦り付け-私服-19分13秒",illust
103,2026-02-20T04:40:12+00:00,RJ01569779,"【モンスター素材】ゴーレム6",https://www.dlsite.com/maniax/work/=/product_id/RJ01569779.html,,"【モンスター素材】ゴーレム6",illust
104,2026-02-20T04:40:12+00:00,RJ01570164,"埋没女装子は職場で休み時間に射精する",https://www.dlsite.com/maniax/work/=/product_id/RJ01570164.html,,"埋没女装子は職場で休み時間に射精する",illust
105,2026-02-20T04:40:12+00:00,RJ01569315,"日々幸せに2",https://www.dlsite.com/maniax/work/=/product_id/RJ01569315.html,,"日々幸せに2",illust
106,2026-02-20T04:40:12+00:00,RJ01526378,"あらぶる〜友達レズ夜通しエッチ〜",https://www.dlsite.com/maniax/work/=/product_id/RJ01526378.html,,"あらぶる〜友達レズ夜通しエッチ〜",illust
107,2026-02-20T04:40:12+00:00,RJ01548995,"【動画2本】タツマキが拘束連続絶頂したり、痴女プするどうが",https://www.dlsite.com/maniax/work/=/product_id/RJ01548995.html,,"【動画2本】タツマキが拘束連続絶頂したり、痴女プするどうが",illust
108,2026-02-20T04:40:12+00:00,RJ01560349,"【立ち絵素材178】鷲系獣人の男性(全身・髪色差分あり)",https://www.dlsite.com/maniax/work/=/product_id/RJ01560349.html,,"【立ち絵素材178】鷲系獣人の男性(全身・髪色差分あり)",illust
109,2026-02-20T04:40:12+00:00,RJ01571498,"第四資料室報告書 第1号 「三つの由来」",https://www.dlsite.com/maniax/work/=/product_id/RJ01571498.html,,"第四資料室報告書 第1号 「三つの由来」",illust
110,2026-02-20T04:40:12+00:00,RJ01569277,"儿子の爱意  CV酥梦",https://www.dlsite.com/maniax/work/=/product_id/RJ01569277.html,,"儿子の爱意 CV酥梦",illust
111,2026-02-20T04:40:12+00:00,RJ01436951,"【英語版】初めての貢ぎマゾ化調教 ～ミサキルート～",https://www.dlsite.com/maniax/work/=/product_id/RJ01436951.html,,"【英語版】初めての貢ぎマゾ化調教 ～ミサキルート～",illust
112,2026-02-20T04:40:12+00:00,RJ01554395,"【繁体中文版】寝取っていいですか～えちえちママ娘の彼氏をつまみ食い～",https://www.dlsite.com/maniax/work/=/product_id/RJ01554395.html,,"【繁体中文版】寝取っていいですか～えちえちママ娘の彼氏をつまみ食い～",illust
113,2026-02-20T08:40:16+00:00,RJ01572164,"淫妖怪談 砲台場ビーチ退魔録",https://www.dlsite.com/maniax/work/=/product_id/RJ01572164.html,,"淫妖怪談 砲台場ビーチ退魔録",illust
114,2026-02-20T08:40:16+00:00,RJ01566599,"背徳特異点:聖俗反転淫獄バスチーユ",https://www.dlsite.com/maniax/work/=/product_id/RJ01566599.html,,"背徳特異点:聖俗反転淫獄バスチーユ",illust
115,2026-02-20T08:40:16+00:00,RJ01542073,"〖♡ ブザマ特化 ♡〗 魔族生態図鑑 -生き恥晒し報告録-",https://www.dlsite.com/maniax/work/=/product_id/RJ01542073.html,,"〖♡ ブザマ特化 ♡〗 魔族生態図鑑 -生き恥晒し報告録-",illust
116,2026-02-20T08:40:16+00:00,RJ01572481,"全肯定改悪調教催○～fanboxまとめその3～",https://www.dlsite.com/maniax/work/=/product_id/RJ01572481.html,,"全肯定改悪調教催○～fanboxまとめその3～",illust
117,2026-02-20T08:40:16+00:00,RJ01572083,"触手拷悶無限絶頂地獄～B.HGirl編",https://www.dlsite.com/maniax/work/=/product_id/RJ01572083.html,,"触手拷悶無限絶頂地獄～B.HGirl編",illust
118,2026-02-20T08:40:16+00:00,RJ01558558,"夜な夜な起こっているこの霊現象はお隣さんのぽっちゃり無口エルフさんのせいではない",https://www.dlsite.com/maniax/work/=/product_id/RJ01558558.html,,"夜な夜な起こっているこの霊現象はお隣さんのぽっちゃり無口エルフさんのせいではない",illust
119,2026-02-20T08:40:16+00:00,RJ01571936,"Sな切れ長ツリ目女装男子がキモ汚じさんに犯されてドMメス堕ち",https://www.dlsite.com/maniax/work/=/product_id/RJ01571936.html,,"Sな切れ長ツリ目女装男子がキモ汚じさんに犯されてドMメス堕ち",illust
120,2026-02-20T08:40:16+00:00,RJ01572128,"【催○音声】声を聞くだけで体が正直になる～えっちな催○セッション～",https://www.dlsite.com/maniax/work/=/product_id/RJ01572128.html,,"【催○音声】声を聞くだけで体が正直になる～えっちな催○セッション～",illust
121,2026-02-20T08:40:16+00:00,RJ01562377,"ドクトルの異常な実験 汚っさんと蟲の子を孕むヒロイン",https://www.dlsite.com/maniax/work/=/product_id/RJ01562377.html,,"ドクトルの異常な実験 汚っさんと蟲の子を孕むヒロイン",illust
122,2026-02-20T08:40:16+00:00,RJ01572344,"聖臨戦姫セイントアリア",https://www.dlsite.com/maniax/work/=/product_id/RJ01572344.html,,"聖臨戦姫セイントアリア",illust
123,2026-02-20T08:40:16+00:00,RJ01572085,"【ファンタジー/女騎士/巨乳堕落】 老いた帝王の征服録 暴君は高貴なる王妃・騎士・聖女を悉く支配する 〜強気黒髪女騎士陥落編6〜",https://www.dlsite.com/maniax/work/=/product_id/RJ01572085.html,,"【ファンタジー/女騎士/巨乳堕落】 老いた帝王の征服録 暴君は高貴なる王妃・騎士・聖女を悉く支配する 〜強気黒髪女騎士陥落編6〜",illust
124,2026-02-20T08:40:16+00:00,RJ01572496,"ブラフォちゃんのダンジョン初挑戦",https://www.dlsite.com/maniax/work/=/product_id/RJ01572496.html,,"ブラフォちゃんのダンジョン初挑戦",illust
125,2026-02-20T08:40:16+00:00,RJ01572500,"れつじょう",https://www.dlsite.com/maniax/work/=/product_id/RJ01572500.html,,"れつじょう",illust
126,2026-02-20T08:40:16+00:00,RJ01572457,"エロい身体の患者が来たので治療と偽って俺専用のオナホにしました",https://www.dlsite.com/maniax/work/=/product_id/RJ01572457.html,,"エロい身体の患者が来たので治療と偽って俺専用のオナホにしました",illust
127,2026-02-20T08:40:16+00:00,RJ01571526,"ミカンコヤ2025イラスト集(マビ●ギ編)",https://www.dlsite.com/maniax/work/=/product_id/RJ01571526.html,,"ミカンコヤ2025イラスト集(マビ●ギ編)",illust
128,2026-02-20T08:40:16+00:00,RJ01572075,"オナ禁明けクンニバイブで即潮吹き‼︎獣声喘ぎ言葉崩壊おまんこ舐められイキ死に10分絶頂‼︎",https://www.dlsite.com/maniax/work/=/product_id/RJ01572075.html,,"オナ禁明けクンニバイブで即潮吹き‼︎獣声喘ぎ言葉崩壊おまんこ舐められイキ死に10分絶頂‼︎",illust
129,2026-02-20T08:40:16+00:00,RJ01572244,"寝取られ村 古桜村の黒い冬",https://www.dlsite.com/maniax/work/=/product_id/RJ01572244.html,,"寝取られ村 古桜村の黒い冬",illust
130,2026-02-20T08:40:16+00:00,RJ01567152,"実話怪談",https://www.dlsite.com/maniax/work/=/product_id/RJ01567152.html,,"実話怪談",illust
131,2026-02-20T08:40:16+00:00,RJ01572081,"崖転落で異世界こんにちは【陸】",https://www.dlsite.com/maniax/work/=/product_id/RJ01572081.html,,"崖転落で異世界こんにちは【陸】",illust
132,2026-02-20T08:40:16+00:00,RJ01572087,"二月十九",https://www.dlsite.com/maniax/work/=/product_id/RJ01572087.html,,"二月十九",illust
133,2026-02-20T08:40:16+00:00,RJ01572548,"【TRPG立ち絵】使用人長・メイド長|和装メイド・女給|大正ロマン立ち絵 No.7",https://www.dlsite.com/maniax/work/=/product_id/RJ01572548.html,,"【TRPG立ち絵】使用人長・メイド長|和装メイド・女給|大正ロマン立ち絵 No.7",illust
134,2026-02-20T18:28:59+00:00,RJ01562477,"【4時間×純愛】望月明奈は恋を知る。～やさぐれJKと猫とあなたの青春記録～【3/8まで購入者様全員プレゼントあり】",https://www.dlsite.com/maniax/work/=/product_id/RJ01562477.html,,"【4時間×純愛】望月明奈は恋を知る。～やさぐれJKと猫とあなたの青春記録～【3/8まで購入者様全員プレゼントあり】",illust
135,2026-02-20T18:28:59+00:00,RJ01556307,"『地上100階』特別版 77話-3",https://www.dlsite.com/maniax/work/=/product_id/RJ01556307.html,,"『地上100階』特別版 77話-3",illust
136,2026-02-20T18:28:59+00:00,RJ01544310,"せんせぇ失格！",https://www.dlsite.com/maniax/work/=/product_id/RJ01544310.html,,"せんせぇ失格！",illust
137,2026-02-20T18:28:59+00:00,RJ01556025,"【乳首性感】 おっとり丁寧なお姉さんのあまあま乳首責めプログラム♪ 【お射精へと導くしっとり丁寧乳首責め…♪】",https://www.dlsite.com/maniax/work/=/product_id/RJ01556025.html,,"【乳首性感】 おっとり丁寧なお姉さんのあまあま乳首責めプログラム♪ 【お射精へと導くしっとり丁寧乳首責め…♪】",illust
138,2026-02-20T18:28:59+00:00,RJ01566495,"【逆NTR×コスプレ】あざとぉい小悪魔ムチムチ爆乳コスプレイヤーのオタサー後輩によるあまあま意地悪マゾいじめ逆NTR浮気誘惑…♡媚び声淫語煽り…♡ねっとり心情代弁…♡",https://www.dlsite.com/maniax/work/=/product_id/RJ01566495.html,,"【逆NTR×コスプレ】あざとぉい小悪魔ムチムチ爆乳コスプレイヤーのオタサー後輩によるあまあま意地悪マゾいじめ逆NTR浮気誘惑…♡媚び声淫語煽り…♡ねっとり心情代弁…♡",illust
139,2026-02-20T18:28:59+00:00,RJ01482417,"○リマゾ交響曲～○リ淫魔によるレベルドレイン色仕掛け～",https://www.dlsite.com/maniax/work/=/product_id/RJ01482417.html,,"○リマゾ交響曲～○リ淫魔によるレベルドレイン色仕掛け～",illust
140,2026-02-20T18:28:59+00:00,RJ01503043,"肉欲に溺れる姉",https://www.dlsite.com/maniax/work/=/product_id/RJ01503043.html,,"肉欲に溺れる姉",illust
141,2026-02-20T18:28:59+00:00,RJ01516363,"【完全合意甘サド百合乱暴】姉猫みれいさんの極上とろあま快楽漬けライフ～あなたを溺愛する超むっちむち高身長お姉さん猫と羞恥&罪悪感MAXえっちする百合音声～",https://www.dlsite.com/maniax/work/=/product_id/RJ01516363.html,,"【完全合意甘サド百合乱暴】姉猫みれいさんの極上とろあま快楽漬けライフ～あなたを溺愛する超むっちむち高身長お姉さん猫と羞恥&罪悪感MAXえっちする百合音声～",illust
142,2026-02-20T18:28:59+00:00,RJ01569056,"新妻七歌の露出隣影",https://www.dlsite.com/maniax/work/=/product_id/RJ01569056.html,,"新妻七歌の露出隣影",illust
143,2026-02-20T18:28:59+00:00,RJ01571688,"後輩ちゃんは童貞隠しを許さない！【CV.しましまはかせ/KU100バイノーラル】",https://www.dlsite.com/maniax/work/=/product_id/RJ01571688.html,,"後輩ちゃんは童貞隠しを許さない！【CV.しましまはかせ/KU100バイノーラル】",illust
144,2026-02-20T18:28:59+00:00,RJ01557685,"剣聖と呼ばれるこの俺が教え子の甘い貴族お嬢様に負けるわけがない!",https://www.dlsite.com/maniax/work/=/product_id/RJ01557685.html,,"剣聖と呼ばれるこの俺が教え子の甘い貴族お嬢様に負けるわけがない!",illust
145,2026-02-20T18:28:59+00:00,RJ01545417,"【実演オナニー】「人の家なのに⋯ごめんなさい⋯っ」声我慢Hでこっそり絶頂✨敏感クリ責め❌びちょ濡れ手マンで感じまくりッ⛲性欲限界❌背徳H❗人の家で初の生オナASMR⛲",https://www.dlsite.com/maniax/work/=/product_id/RJ01545417.html,,"【実演オナニー】「人の家なのに⋯ごめんなさい⋯っ」声我慢Hでこっそり絶頂✨敏感クリ責め❌びちょ濡れ手マンで感じまくりッ⛲性欲限界❌背徳H❗人の家で初の生オナASMR⛲",illust
146,2026-02-20T18:28:59+00:00,RJ01546185,"NTR POLITICS JP 〜爆乳政治家の選挙活動記録！政敵に負けるなんてアリエナイ〜",https://www.dlsite.com/maniax/work/=/product_id/RJ01546185.html,,"NTR POLITICS JP 〜爆乳政治家の選挙活動記録！政敵に負けるなんてアリエナイ〜",illust
147,2026-02-20T18:28:59+00:00,RJ01568046,"レズバトル ナオVSユズ ～一回イッたら即終了！ワンショットマッチ～",https://www.dlsite.com/maniax/work/=/product_id/RJ01568046.html,,"レズバトル ナオVSユズ ～一回イッたら即終了！ワンショットマッチ～",illust
148,2026-02-20T18:28:59+00:00,RJ01517757,"サークルENZIN的 催○学園 第三話 (義母版)",https://www.dlsite.com/maniax/work/=/product_id/RJ01517757.html,,"サークルENZIN的 催○学園 第三話 (義母版)",illust
149,2026-02-20T18:28:59+00:00,RJ01567832,"20××年・女子の身体",https://www.dlsite.com/maniax/work/=/product_id/RJ01567832.html,,"20××年・女子の身体",illust
150,2026-02-20T18:28:59+00:00,RJ01555227,"【女性優位徹底・赤ちゃんプレイあり】好感度最大で超美人の性処理アンドロイドが甘やかしとろあま風に毎日たくさん優しくお世話してくれるやつ。【暴発射精・汗蒸れあり】",https://www.dlsite.com/maniax/work/=/product_id/RJ01555227.html,,"【女性優位徹底・赤ちゃんプレイあり】好感度最大で超美人の性処理アンドロイドが甘やかしとろあま風に毎日たくさん優しくお世話してくれるやつ。【暴発射精・汗蒸れあり】",illust
151,2026-02-20T18:28:59+00:00,RJ01544297,"【フェラ特化】ドスケベ巨乳シスターのパイズリお口交尾 ～爆音フェラとムチムチおっぱいでチン媚び搾精～《!3大早期購入特典!》",https://www.dlsite.com/maniax/work/=/product_id/RJ01544297.html,,"【フェラ特化】ドスケベ巨乳シスターのパイズリお口交尾 ～爆音フェラとムチムチおっぱいでチン媚び搾精～《!3大早期購入特典!》",illust
152,2026-02-20T18:28:59+00:00,RJ01565278,"【耳""奥""舐め煽り】プロ級耳""奥""舐めマスターなお姉さんにお耳の奥の奥までチュパチュパ舐め煽られる話～至高のあまサドお耳責め体験～",https://www.dlsite.com/maniax/work/=/product_id/RJ01565278.html,,"【耳""奥""舐め煽り】プロ級耳""奥""舐めマスターなお姉さんにお耳の奥の奥までチュパチュパ舐め煽られる話～至高のあまサドお耳責め体験～",illust
153,2026-02-20T18:28:59+00:00,RJ01563700,"負け分はカラダでお支払い♡～女社長AVデビュー～",https://www.dlsite.com/maniax/work/=/product_id/RJ01563700.html,,"負け分はカラダでお支払い♡～女社長AVデビュー～",illust
154,2026-02-20T18:28:59+00:00,RJ01569241,"犬が飼いたいお嬢様方",https://www.dlsite.com/maniax/work/=/product_id/RJ01569241.html,,"犬が飼いたいお嬢様方",illust
155,2026-02-20T18:28:59+00:00,RJ01563969,"従姉との初体験はノーカンのはず!?疑似的セフレ関係にハマり本気になった話",https://www.dlsite.com/maniax/work/=/product_id/RJ01563969.html,,"従姉との初体験はノーカンのはず!?疑似的セフレ関係にハマり本気になった話",illust
156,2026-02-20T18:28:59+00:00,RJ01528587,"Crossroads of Fate",https://www.dlsite.com/maniax/work/=/product_id/RJ01528587.html,,"Crossroads of Fate",illust
157,2026-02-20T18:28:59+00:00,RJ01562720,"【密着逆レ/ドスケベ差分イラスト付き！】あなたは甘サド長身ドスケベ義姉の専用肉ディルド～いぢわる義姉のド下品密着童貞おちんぽ弄り～【KU100】",https://www.dlsite.com/maniax/work/=/product_id/RJ01562720.html,,"【密着逆レ/ドスケベ差分イラスト付き！】あなたは甘サド長身ドスケベ義姉の専用肉ディルド～いぢわる義姉のド下品密着童貞おちんぽ弄り～【KU100】",illust
158,2026-02-20T18:28:59+00:00,RJ01571449,"サークルENZIN的 催○学園 第三話(実母版)",https://www.dlsite.com/maniax/work/=/product_id/RJ01571449.html,,"サークルENZIN的 催○学園 第三話(実母版)",illust
159,2026-02-20T18:28:59+00:00,RJ01570591,"角っこ幼馴染のフローラに愛される",https://www.dlsite.com/maniax/work/=/product_id/RJ01570591.html,,"角っこ幼馴染のフローラに愛される",illust
160,2026-02-20T18:28:59+00:00,RJ01537694,"【CV.七瀬彩夏】恋の続きは仕事の後で【耳かき・お風呂・添い寝】",https://www.dlsite.com/maniax/work/=/product_id/RJ01537694.html,,"【CV.七瀬彩夏】恋の続きは仕事の後で【耳かき・お風呂・添い寝】",illust
161,2026-02-20T18:28:59+00:00,RJ01571178,"褐色少年女装日誌 ボクが女装を始めてからの30日間",https://www.dlsite.com/maniax/work/=/product_id/RJ01571178.html,,"褐色少年女装日誌 ボクが女装を始めてからの30日間",illust
162,2026-02-20T18:28:59+00:00,RJ01560606,"【唾液音×口内音】触手モンスターに寄生されたヒーラーの無限びゅるびゅる回復えっち",https://www.dlsite.com/maniax/work/=/product_id/RJ01560606.html,,"【唾液音×口内音】触手モンスターに寄生されたヒーラーの無限びゅるびゅる回復えっち",illust
163,2026-02-20T18:28:59+00:00,RJ01562354,"母性たっぷり○リ系妹ちゃんに主導権を握られて、洗脳甘サド調教される",https://www.dlsite.com/maniax/work/=/product_id/RJ01562354.html,,"母性たっぷり○リ系妹ちゃんに主導権を握られて、洗脳甘サド調教される",illust
164,2026-02-20T18:28:59+00:00,RJ01570309,"普段生意気な妹がお世話してくれる最高の一日",https://www.dlsite.com/maniax/work/=/product_id/RJ01570309.html,,"普段生意気な妹がお世話してくれる最高の一日",illust
165,2026-02-20T18:28:59+00:00,RJ01569601,"【実演オナニーNo.80】オナニー大好きな激エロ配信者がいやらしい水音立てて潮吹き連続絶頂！！",https://www.dlsite.com/maniax/work/=/product_id/RJ01569601.html,,"【実演オナニーNo.80】オナニー大好きな激エロ配信者がいやらしい水音立てて潮吹き連続絶頂！！",illust
166,2026-02-20T18:28:59+00:00,RJ01566170,"【むちふわ添い寝】爆乳ひつじのお姉さんはあなたをむちふわボディで安眠させたい【バイノーラル/極上の癒し】",https://www.dlsite.com/maniax/work/=/product_id/RJ01566170.html,,"【むちふわ添い寝】爆乳ひつじのお姉さんはあなたをむちふわボディで安眠させたい【バイノーラル/極上の癒し】",illust
167,2026-02-20T18:28:59+00:00,RJ01536929,"触手錬金工房",https://www.dlsite.com/maniax/work/=/product_id/RJ01536929.html,,"触手錬金工房",illust
168,2026-02-20T18:28:59+00:00,RJ01566023,"元勇者のおばさんだけど、エッチしてあげよっか♡～元英雄との甘々中出し生ハメエッチ〜【KU100収録】",https://www.dlsite.com/maniax/work/=/product_id/RJ01566023.html,,"元勇者のおばさんだけど、エッチしてあげよっか♡～元英雄との甘々中出し生ハメエッチ〜【KU100収録】",illust
169,2026-02-20T18:28:59+00:00,RJ01567306,"ふたなり戦隊フタレンジャー 対決！人格排泄怪人！",https://www.dlsite.com/maniax/work/=/product_id/RJ01567306.html,,"ふたなり戦隊フタレンジャー 対決！人格排泄怪人！",illust
170,2026-02-20T18:28:59+00:00,RJ01517182,"原◯敗北CGコレクション2",https://www.dlsite.com/maniax/work/=/product_id/RJ01517182.html,,"原◯敗北CGコレクション2",illust
171,2026-02-20T18:28:59+00:00,RJ01564811,"【先行版】ちっちゃな巫女と神内射精 ～朝も夜も“神様交代”えっち・はじまりの儀～",https://www.dlsite.com/maniax/work/=/product_id/RJ01564811.html,,"【先行版】ちっちゃな巫女と神内射精 ～朝も夜も“神様交代”えっち・はじまりの儀～",illust
172,2026-02-20T18:28:59+00:00,RJ01565409,"【からかい雑魚がり】よっわぁ♡～後輩生意気ギャルOLにからかわれながら中出し射精させられる～",https://www.dlsite.com/maniax/work/=/product_id/RJ01565409.html,,"【からかい雑魚がり】よっわぁ♡～後輩生意気ギャルOLにからかわれながら中出し射精させられる～",illust
173,2026-02-20T18:28:59+00:00,RJ01563767,"良妻ちゃん〜湯けむり編〜下",https://www.dlsite.com/maniax/work/=/product_id/RJ01563767.html,,"良妻ちゃん〜湯けむり編〜下",illust
174,2026-02-20T18:28:59+00:00,RJ01557671,"彼女の友達はドスケベ褐色ギャル",https://www.dlsite.com/maniax/work/=/product_id/RJ01557671.html,,"彼女の友達はドスケベ褐色ギャル",illust
175,2026-02-20T18:28:59+00:00,RJ01562430,"ちょい潔癖ギャルが縮小化されてトイレ掃除用具として雑巾扱いされた件",https://www.dlsite.com/maniax/work/=/product_id/RJ01562430.html,,"ちょい潔癖ギャルが縮小化されてトイレ掃除用具として雑巾扱いされた件",illust
176,2026-02-20T18:28:59+00:00,RJ01571431,"【実演SP(61)】パンツ履いたまま乳首弄りおもちゃ挿入！泡立つ愛液と水音満載の淫語オナニーSP！",https://www.dlsite.com/maniax/work/=/product_id/RJ01571431.html,,"【実演SP(61)】パンツ履いたまま乳首弄りおもちゃ挿入！泡立つ愛液と水音満載の淫語オナニーSP！",illust
177,2026-02-20T18:28:59+00:00,RJ01572475,"家庭教師の先生が寝取られる話2",https://www.dlsite.com/maniax/work/=/product_id/RJ01572475.html,,"家庭教師の先生が寝取られる話2",illust
178,2026-02-20T18:28:59+00:00,RJ01567759,"灰燼之城【繁體中文版】",https://www.dlsite.com/maniax/work/=/product_id/RJ01567759.html,,"灰燼之城【繁體中文版】",illust
179,2026-02-20T18:28:59+00:00,RJ01359500,"良妻ちゃん～湯けむり編～上",https://www.dlsite.com/maniax/work/=/product_id/RJ01359500.html,,"良妻ちゃん～湯けむり編～上",illust
180,2026-02-20T18:28:59+00:00,RJ01535688,"氷の狙撃手シノン2 バニーガール編[闇カジノ潜入失敗]",https://www.dlsite.com/maniax/work/=/product_id/RJ01535688.html,,"氷の狙撃手シノン2 バニーガール編[闇カジノ潜入失敗]",illust
181,2026-02-20T18:28:59+00:00,RJ01544775,"【オホ声】ダウナー爆乳むっちり肉食ケモ耳娘〜発情期の獣欲な連続中出し淫猥性交〜",https://www.dlsite.com/maniax/work/=/product_id/RJ01544775.html,,"【オホ声】ダウナー爆乳むっちり肉食ケモ耳娘〜発情期の獣欲な連続中出し淫猥性交〜",illust
182,2026-02-20T18:28:59+00:00,RJ01563231,"【ボイスコミック】女性の権利が失われた国2",https://www.dlsite.com/maniax/work/=/product_id/RJ01563231.html,,"【ボイスコミック】女性の権利が失われた国2",illust
183,2026-02-20T18:28:59+00:00,RJ01514862,"【繁体中文版】W魔法少女の快楽矯正〜悪の総帥となる筈だったボクは、未来から来たドスケベお姉ちゃんたちにマゾオスへと書き換えられました〜【KU100収録】",https://www.dlsite.com/maniax/work/=/product_id/RJ01514862.html,,"【繁体中文版】W魔法少女の快楽矯正〜悪の総帥となる筈だったボクは、未来から来たドスケベお姉ちゃんたちにマゾオスへと書き換えられました〜【KU100収録】",illust
184,2026-02-20T18:28:59+00:00,RJ01557682,"ワードニャの逆襲",https://www.dlsite.com/maniax/work/=/product_id/RJ01557682.html,,"ワードニャの逆襲",illust
185,2026-02-20T18:28:59+00:00,RJ01523303,"迷宮のヒストリア",https://www.dlsite.com/maniax/work/=/product_id/RJ01523303.html,,"迷宮のヒストリア",illust
186,2026-02-20T18:28:59+00:00,RJ01558105,"スーパーのお姉さんがセックスさせてくれる夏",https://www.dlsite.com/maniax/work/=/product_id/RJ01558105.html,,"スーパーのお姉さんがセックスさせてくれる夏",illust
187,2026-02-20T18:28:59+00:00,RJ01570598,"【2作品セット】角っこ幼馴染のフローラに癒される&愛される",https://www.dlsite.com/maniax/work/=/product_id/RJ01570598.html,,"【2作品セット】角っこ幼馴染のフローラに癒される&愛される",illust
188,2026-02-20T18:28:59+00:00,RJ01557046,"サキュバスのエナジードレイン―気高き勇者の最期―",https://www.dlsite.com/maniax/work/=/product_id/RJ01557046.html,,"サキュバスのエナジードレイン―気高き勇者の最期―",illust
189,2026-02-20T18:28:59+00:00,RJ01570243,"【実演オナニー×敗北マンコ！肉便器扱い！】わからせイラマチオ&連続絶頂潮吹きで中出し！！『全部、私の身体を好きに使ってください！イグゥ！！』【最強の45分間】",https://www.dlsite.com/maniax/work/=/product_id/RJ01570243.html,,"【実演オナニー×敗北マンコ！肉便器扱い！】わからせイラマチオ&連続絶頂潮吹きで中出し！！『全部、私の身体を好きに使ってください！イグゥ！！』【最強の45分間】",illust
190,2026-02-20T18:28:59+00:00,RJ01546359,"【Live2Dエロアニメ同梱】ぼくを下僕扱いする異世界最恐の「冷酷の魔女」が嘘を付けない薬を飲んだら、チン媚びアヘ顔のけぞり絶頂&妊娠懇願どエロ魔女♀になった件",https://www.dlsite.com/maniax/work/=/product_id/RJ01546359.html,,"【Live2Dエロアニメ同梱】ぼくを下僕扱いする異世界最恐の「冷酷の魔女」が嘘を付けない薬を飲んだら、チン媚びアヘ顔のけぞり絶頂&妊娠懇願どエロ魔女♀になった件",illust
191,2026-02-20T18:28:59+00:00,RJ01570116,"『女体快楽実験場』被験体No,013「おとは」Stage,1後編",https://www.dlsite.com/maniax/work/=/product_id/RJ01570116.html,,"『女体快楽実験場』被験体No,013「おとは」Stage,1後編",illust
192,2026-02-20T18:28:59+00:00,RJ01566911,"【フルカラー版】一目惚れしたお兄ちゃんの先生と交際中！",https://www.dlsite.com/maniax/work/=/product_id/RJ01566911.html,,"【フルカラー版】一目惚れしたお兄ちゃんの先生と交際中！",illust
193,2026-02-20T18:28:59+00:00,RJ01570050,"エンドレスバッドエンド 状態変化敗北した侍ちゃんと再会を果たす忍ちゃん",https://www.dlsite.com/maniax/work/=/product_id/RJ01570050.html,,"エンドレスバッドエンド 状態変化敗北した侍ちゃんと再会を果たす忍ちゃん",illust
194,2026-02-20T18:28:59+00:00,RJ01557249,"【母性強め】年上の世話好きお姉さん先生。甘え下手な年下童貞くんの子作りトレーニング〜おま〇こし放題のパコパコオナサポ〜",https://www.dlsite.com/maniax/work/=/product_id/RJ01557249.html,,"【母性強め】年上の世話好きお姉さん先生。甘え下手な年下童貞くんの子作りトレーニング〜おま〇こし放題のパコパコオナサポ〜",illust
195,2026-02-20T18:28:59+00:00,RJ01543822,"【逆おしがま/バイノーラル】こっちがおもらし 〜年上彼女に再教育される〜",https://www.dlsite.com/maniax/work/=/product_id/RJ01543822.html,,"【逆おしがま/バイノーラル】こっちがおもらし 〜年上彼女に再教育される〜",illust
196,2026-02-20T18:28:59+00:00,RJ01554826,"てーへんアイドルのガチ子作り営業で子宮がザーメンでパンパン！！ボテ腹交尾と射乳でオホッ！！チンポ専用に堕ちて孕みまくってマジイキLive晒すくらいがちょうどイイ！",https://www.dlsite.com/maniax/work/=/product_id/RJ01554826.html,,"てーへんアイドルのガチ子作り営業で子宮がザーメンでパンパン！！ボテ腹交尾と射乳でオホッ！！チンポ専用に堕ちて孕みまくってマジイキLive晒すくらいがちょうどイイ！",illust
197,2026-02-20T18:28:59+00:00,RJ01562060,"男だと思っていたゲーム友達が、実はムチムチの美女だった件2",https://www.dlsite.com/maniax/work/=/product_id/RJ01562060.html,,"男だと思っていたゲーム友達が、実はムチムチの美女だった件2",illust
198,2026-02-20T18:28:59+00:00,RJ01568207,"【KU100】鬼教官妻の夫限定特別メニュー♡～ドS妻のストレス発散はドSとドMが入れ替わるリバーシブルな愛の調教～",https://www.dlsite.com/maniax/work/=/product_id/RJ01568207.html,,"【KU100】鬼教官妻の夫限定特別メニュー♡～ドS妻のストレス発散はドSとドMが入れ替わるリバーシブルな愛の調教～",illust
199,2026-02-20T18:28:59+00:00,RJ01561962,"【ボイスコミック】乳首感度調査、はじめます",https://www.dlsite.com/maniax/work/=/product_id/RJ01561962.html,,"【ボイスコミック】乳首感度調査、はじめます",illust
200,2026-02-20T18:28:59+00:00,RJ01553079,"【繁体中文版】破滅願望TSっ娘の陥落日記",https://www.dlsite.com/maniax/work/=/product_id/RJ01553079.html,,"【繁体中文版】破滅願望TSっ娘の陥落日記",illust
201,2026-02-20T18:28:59+00:00,RJ01571607,"ある村のお祭りに参加したらドスケベなお祭りだった",https://www.dlsite.com/maniax/work/=/product_id/RJ01571607.html,,"ある村のお祭りに参加したらドスケベなお祭りだった",illust
202,2026-02-20T18:28:59+00:00,RJ01321929,"ドS執事は支配されるザコマゾがお好き～傲慢なご主人様をメスイキ家畜へ教育する隷属の性教育～【ドM向け/KU100】",https://www.dlsite.com/maniax/work/=/product_id/RJ01321929.html,,"ドS執事は支配されるザコマゾがお好き～傲慢なご主人様をメスイキ家畜へ教育する隷属の性教育～【ドM向け/KU100】",illust
203,2026-02-20T18:28:59+00:00,RJ01571655,"狐の巫女にTSした俺 依代として快楽に沈む",https://www.dlsite.com/maniax/work/=/product_id/RJ01571655.html,,"狐の巫女にTSした俺 依代として快楽に沈む",illust
204,2026-02-20T18:28:59+00:00,RJ01560222,"童貞お坊ちゃまの精液コントロール。子作りマニュアル付き家政婦の淫靡なご奉仕",https://www.dlsite.com/maniax/work/=/product_id/RJ01560222.html,,"童貞お坊ちゃまの精液コントロール。子作りマニュアル付き家政婦の淫靡なご奉仕",illust
205,2026-02-20T18:28:59+00:00,RJ01551268,"判別えっち─抱く相手を間違えたら寝取られる件─",https://www.dlsite.com/maniax/work/=/product_id/RJ01551268.html,,"判別えっち─抱く相手を間違えたら寝取られる件─",illust
206,2026-02-20T18:28:59+00:00,RJ01566024,"【由比かのん】飲酒オナニー！鈴付き乳首クリップ装着乳首攻め！透明でかディルド！つい出る博多弁！キュートでカワイイくて色っぽい！収録直後おしっこ【実演音声、ASMR】",https://www.dlsite.com/maniax/work/=/product_id/RJ01566024.html,,"【由比かのん】飲酒オナニー！鈴付き乳首クリップ装着乳首攻め！透明でかディルド！つい出る博多弁！キュートでカワイイくて色っぽい！収録直後おしっこ【実演音声、ASMR】",illust
207,2026-02-20T18:28:59+00:00,RJ01524889,"旅巫女が鬼蜘蛛に魂を囚われ処女を奪われただ肉便器としてボテ腹にされ屈辱的に堕ちるまで",https://www.dlsite.com/maniax/work/=/product_id/RJ01524889.html,,"旅巫女が鬼蜘蛛に魂を囚われ処女を奪われただ肉便器としてボテ腹にされ屈辱的に堕ちるまで",illust
208,2026-02-20T18:28:59+00:00,RJ01554464,"【韓国語版】魔法少女繁殖計画",https://www.dlsite.com/maniax/work/=/product_id/RJ01554464.html,,"【韓国語版】魔法少女繁殖計画",illust
209,2026-02-20T18:28:59+00:00,RJ01557315,"女教師になった男子高校生の話",https://www.dlsite.com/maniax/work/=/product_id/RJ01557315.html,,"女教師になった男子高校生の話",illust
210,2026-02-20T18:28:59+00:00,RJ01548730,"アラサー独身女性教師は思春期男子なんかより溜まってんだよ！2",https://www.dlsite.com/maniax/work/=/product_id/RJ01548730.html,,"アラサー独身女性教師は思春期男子なんかより溜まってんだよ！2",illust
211,2026-02-20T18:28:59+00:00,RJ01570783,"【第4話】いつかは寝取られそうな若妻アイちゃん～そこにAIはあるのか?～",https://www.dlsite.com/maniax/work/=/product_id/RJ01570783.html,,"【第4話】いつかは寝取られそうな若妻アイちゃん～そこにAIはあるのか?～",illust
212,2026-02-20T18:28:59+00:00,RJ01567042,"うちに宇宙人が居候して3ヶ月が経った",https://www.dlsite.com/maniax/work/=/product_id/RJ01567042.html,,"うちに宇宙人が居候して3ヶ月が経った",illust
213,2026-02-20T18:28:59+00:00,RJ01571179,"【男性受け】セフレのギャルと未亡人の美熟女に挟まれて【バイノーラル/オホ声】",https://www.dlsite.com/maniax/work/=/product_id/RJ01571179.html,,"【男性受け】セフレのギャルと未亡人の美熟女に挟まれて【バイノーラル/オホ声】",illust
214,2026-02-20T18:28:59+00:00,RJ01568780,"俺が激推ししてる大人気アイドルと築50年のボロアパートで同棲いちゃらぶすることになる話",https://www.dlsite.com/maniax/work/=/product_id/RJ01568780.html,,"俺が激推ししてる大人気アイドルと築50年のボロアパートで同棲いちゃらぶすることになる話",illust
215,2026-02-20T18:28:59+00:00,RJ01566894,"女装してただけなのに…メスイキマゾ堕ちしてミルクダダ漏れ！(1)",https://www.dlsite.com/maniax/work/=/product_id/RJ01566894.html,,"女装してただけなのに…メスイキマゾ堕ちしてミルクダダ漏れ！(1)",illust
216,2026-02-20T18:28:59+00:00,RJ01563498,"杯に毒",https://www.dlsite.com/maniax/work/=/product_id/RJ01563498.html,,"杯に毒",illust
217,2026-02-20T18:28:59+00:00,RJ01567704,"恥辱変身バニーピュアリティア ナナ 04 ～人妻変身ヒロインは夫に内緒で戦い続ける・再雇用の配属先は精処理奉仕課～",https://www.dlsite.com/maniax/work/=/product_id/RJ01567704.html,,"恥辱変身バニーピュアリティア ナナ 04 ～人妻変身ヒロインは夫に内緒で戦い続ける・再雇用の配属先は精処理奉仕課～",illust
218,2026-02-20T18:28:59+00:00,RJ01565469,"少女 苗床に堕ちて。",https://www.dlsite.com/maniax/work/=/product_id/RJ01565469.html,,"少女 苗床に堕ちて。",illust
219,2026-02-20T18:28:59+00:00,RJ01563730,"筋肉娘のどすけべファンタジーCG集",https://www.dlsite.com/maniax/work/=/product_id/RJ01563730.html,,"筋肉娘のどすけべファンタジーCG集",illust
220,2026-02-20T18:28:59+00:00,RJ01571604,"生意気な妹を眠ってる間に孕ませた話",https://www.dlsite.com/maniax/work/=/product_id/RJ01571604.html,,"生意気な妹を眠ってる間に孕ませた話",illust
221,2026-02-20T18:28:59+00:00,RJ01571567,"退魔の巫女、敗北絶頂。～アナル責めに屈服する一騎当千の女傑～",https://www.dlsite.com/maniax/work/=/product_id/RJ01571567.html,,"退魔の巫女、敗北絶頂。～アナル責めに屈服する一騎当千の女傑～",illust
222,2026-02-20T18:28:59+00:00,RJ01570586,"すべて運次第！?乳首責め&絶頂オナニールーレット【バイノーラル/実演音声】",https://www.dlsite.com/maniax/work/=/product_id/RJ01570586.html,,"すべて運次第！?乳首責め&絶頂オナニールーレット【バイノーラル/実演音声】",illust
223,2026-02-20T18:28:59+00:00,RJ01530688,"ふたなり性依存",https://www.dlsite.com/maniax/work/=/product_id/RJ01530688.html,,"ふたなり性依存",illust
224,2026-02-20T18:28:59+00:00,RJ01563006,"【簡体中文版】路地裏の天使[SWITCH:ON]",https://www.dlsite.com/maniax/work/=/product_id/RJ01563006.html,,"【簡体中文版】路地裏の天使[SWITCH:ON]",illust
225,2026-02-20T18:28:59+00:00,RJ01569700,"Go!きらきらプリンセスレッスン!",https://www.dlsite.com/maniax/work/=/product_id/RJ01569700.html,,"Go!きらきらプリンセスレッスン!",illust
226,2026-02-20T18:28:59+00:00,RJ01570468,"【脳イキ催〇】焦らしと絶頂の強○上書き",https://www.dlsite.com/maniax/work/=/product_id/RJ01570468.html,,"【脳イキ催〇】焦らしと絶頂の強○上書き",illust
227,2026-02-20T18:28:59+00:00,RJ01567059,"うさぎ転生",https://www.dlsite.com/maniax/work/=/product_id/RJ01567059.html,,"うさぎ転生",illust
228,2026-02-20T18:28:59+00:00,RJ01572482,"エロアニメdeVTuberえっちEX～5人の女の子に中出しえっち♪～",https://www.dlsite.com/maniax/work/=/product_id/RJ01572482.html,,"エロアニメdeVTuberえっちEX～5人の女の子に中出しえっち♪～",illust
229,2026-02-20T18:28:59+00:00,RJ01569387,"イモート☆禁断★ふれぐらんす",https://www.dlsite.com/maniax/work/=/product_id/RJ01569387.html,,"イモート☆禁断★ふれぐらんす",illust
230,2026-02-20T18:28:59+00:00,RJ01570253,"【実演オナニー×痴○イメプレ】同人声優が変態マゾ性癖開示オナニー！声を抑えて犯され妄想→発情メス堕ち中出し懇願連続絶頂！?「いぐ、いぐ゛…っっ！」【柚木ましろ】",https://www.dlsite.com/maniax/work/=/product_id/RJ01570253.html,,"【実演オナニー×痴○イメプレ】同人声優が変態マゾ性癖開示オナニー！声を抑えて犯され妄想→発情メス堕ち中出し懇願連続絶頂！?「いぐ、いぐ゛…っっ！」【柚木ましろ】",illust
231,2026-02-20T18:28:59+00:00,RJ01569846,"初めて付き合った元チクイキ専門風俗嬢の年上の彼女にチクシャで性癖歪められた…",https://www.dlsite.com/maniax/work/=/product_id/RJ01569846.html,,"初めて付き合った元チクイキ専門風俗嬢の年上の彼女にチクシャで性癖歪められた…",illust
232,2026-02-20T18:28:59+00:00,RJ01509217,"【英語版】うちのヤンデレな飼い猫ちゃんにメチャクチャに搾られちゃう話",https://www.dlsite.com/maniax/work/=/product_id/RJ01509217.html,,"【英語版】うちのヤンデレな飼い猫ちゃんにメチャクチャに搾られちゃう話",illust
233,2026-02-20T18:28:59+00:00,RJ01563414,"【繁体中文版】【無様/オホ声】300cm越えの『デカ女』に支配された世界で 妹専用絶対服従クソ雑魚おち〇ぽペットに堕ちる兄―誓いのダブルクソ雑魚セックス―",https://www.dlsite.com/maniax/work/=/product_id/RJ01563414.html,,"【繁体中文版】【無様/オホ声】300cm越えの『デカ女』に支配された世界で 妹専用絶対服従クソ雑魚おち〇ぽペットに堕ちる兄―誓いのダブルクソ雑魚セックス―",illust
234,2026-02-20T18:28:59+00:00,RJ01557750,"【韓国語版】【女性優位】甘声バニーの寸止め&強○射精【逆レ○プ】～耳奥舐め×乳首攻め×ベロチュー吸い～",https://www.dlsite.com/maniax/work/=/product_id/RJ01557750.html,,"【韓国語版】【女性優位】甘声バニーの寸止め&強○射精【逆レ○プ】～耳奥舐め×乳首攻め×ベロチュー吸い～",illust
235,2026-02-20T18:28:59+00:00,RJ01569511,"幼なじみはアイドル",https://www.dlsite.com/maniax/work/=/product_id/RJ01569511.html,,"幼なじみはアイドル",illust
236,2026-02-20T18:28:59+00:00,RJ01568368,"劇団375CG集爆乳人妻総集編",https://www.dlsite.com/maniax/work/=/product_id/RJ01568368.html,,"劇団375CG集爆乳人妻総集編",illust
237,2026-02-20T18:28:59+00:00,RJ01565022,"【フードクラッシュ】根暗ヤンデレお嬢様の蒸れたストッキング足で監禁調教",https://www.dlsite.com/maniax/work/=/product_id/RJ01565022.html,,"【フードクラッシュ】根暗ヤンデレお嬢様の蒸れたストッキング足で監禁調教",illust
238,2026-02-20T18:28:59+00:00,RJ01568621,"欲求不満の人妻は性感リフレで秘密の中出し性活3",https://www.dlsite.com/maniax/work/=/product_id/RJ01568621.html,,"欲求不満の人妻は性感リフレで秘密の中出し性活3",illust
239,2026-02-20T18:28:59+00:00,RJ01563195,"【ボイスコミック】間男レンタルサービス",https://www.dlsite.com/maniax/work/=/product_id/RJ01563195.html,,"【ボイスコミック】間男レンタルサービス",illust
240,2026-02-20T18:28:59+00:00,RJ01572539,"甘々いちゃらぶせっくちゅしちゃった…井栗まろん",https://www.dlsite.com/maniax/work/=/product_id/RJ01572539.html,,"甘々いちゃらぶせっくちゅしちゃった…井栗まろん",illust
241,2026-02-20T18:28:59+00:00,RJ01572631,"激コワ元ヤンキーお母さんを大親友に堕としてもらって調教・飼育してもらう話",https://www.dlsite.com/maniax/work/=/product_id/RJ01572631.html,,"激コワ元ヤンキーお母さんを大親友に堕としてもらって調教・飼育してもらう話",illust
242,2026-02-20T18:28:59+00:00,RJ01572246,"Present for YOU！",https://www.dlsite.com/maniax/work/=/product_id/RJ01572246.html,,"Present for YOU！",illust
243,2026-02-20T18:28:59+00:00,RJ01571415,"【催○音声/心音ASMR】近くで深く聴く、ダウナー彼女ねむの鼓動",https://www.dlsite.com/maniax/work/=/product_id/RJ01571415.html,,"【催○音声/心音ASMR】近くで深く聴く、ダウナー彼女ねむの鼓動",illust
244,2026-02-20T18:28:59+00:00,RJ01309838,"騎士と乙女と魔女の誘い1",https://www.dlsite.com/maniax/work/=/product_id/RJ01309838.html,,"騎士と乙女と魔女の誘い1",illust
245,2026-02-20T18:28:59+00:00,RJ01571523,"飢えた山寺",https://www.dlsite.com/maniax/work/=/product_id/RJ01571523.html,,"飢えた山寺",illust
246,2026-02-20T18:28:59+00:00,RJ01572071,"巨乳メカクレ眼鏡陰キャがセックス苦手なのにエロい伝統芸術に弟子入りした記録PART.2 高橋ミナ",https://www.dlsite.com/maniax/work/=/product_id/RJ01572071.html,,"巨乳メカクレ眼鏡陰キャがセックス苦手なのにエロい伝統芸術に弟子入りした記録PART.2 高橋ミナ",illust
247,2026-02-20T18:28:59+00:00,RJ01572426,"ハラマカイ8",https://www.dlsite.com/maniax/work/=/product_id/RJ01572426.html,,"ハラマカイ8",illust
248,2026-02-20T18:28:59+00:00,RJ01571006,"【おしっこ実演】Pee.147皆乃あなのおしっこ録れるもん。～おちんちんポーズでペットシートにおしっこ編～",https://www.dlsite.com/maniax/work/=/product_id/RJ01571006.html,,"【おしっこ実演】Pee.147皆乃あなのおしっこ録れるもん。～おちんちんポーズでペットシートにおしっこ編～",illust
249,2026-02-20T18:28:59+00:00,RJ01568398,"【差分60枚】まちゅりのまたこすりつけなかだしエッチCG集",https://www.dlsite.com/maniax/work/=/product_id/RJ01568398.html,,"【差分60枚】まちゅりのまたこすりつけなかだしエッチCG集",illust
250,2026-02-20T18:28:59+00:00,RJ01544132,"【英語版】ちょっぴりHな妹でいず",https://www.dlsite.com/maniax/work/=/product_id/RJ01544132.html,,"【英語版】ちょっぴりHな妹でいず",illust
251,2026-02-20T18:28:59+00:00,RJ01484591,"【英語版】動物機士ミルキー",https://www.dlsite.com/maniax/work/=/product_id/RJ01484591.html,,"【英語版】動物機士ミルキー",illust
252,2026-02-20T18:28:59+00:00,RJ01498564,"【韓国語版】メスイキ男の娘ヒーラー勇者の妻になる。",https://www.dlsite.com/maniax/work/=/product_id/RJ01498564.html,,"【韓国語版】メスイキ男の娘ヒーラー勇者の妻になる。",illust
253,2026-02-20T18:28:59+00:00,RJ01557630,"【繁体中文版】ふたなり化くノ一○問 ～○問耐性持ちくノ一 初めてのペニス責め～",https://www.dlsite.com/maniax/work/=/product_id/RJ01557630.html,,"【繁体中文版】ふたなり化くノ一○問 ～○問耐性持ちくノ一 初めてのペニス責め～",illust
254,2026-02-20T18:28:59+00:00,RJ01563385,"【簡体中文版】色欲解放サキュバスちゃん",https://www.dlsite.com/maniax/work/=/product_id/RJ01563385.html,,"【簡体中文版】色欲解放サキュバスちゃん",illust
255,2026-02-20T18:28:59+00:00,RJ01564815,"【簡体中文版】裸一貫異世界農業～サキュバスとドライアドだけから始めるタネ付け性活～",https://www.dlsite.com/maniax/work/=/product_id/RJ01564815.html,,"【簡体中文版】裸一貫異世界農業～サキュバスとドライアドだけから始めるタネ付け性活～",illust
256,2026-02-20T18:28:59+00:00,RJ01571304,"バックでするなんてありえない",https://www.dlsite.com/maniax/work/=/product_id/RJ01571304.html,,"バックでするなんてありえない",illust
257,2026-02-20T18:28:59+00:00,RJ01571163,"ご夫婦交際 結婚式場ハートクラブ課",https://www.dlsite.com/maniax/work/=/product_id/RJ01571163.html,,"ご夫婦交際 結婚式場ハートクラブ課",illust
258,2026-02-20T18:28:59+00:00,RJ01572086,"ボ〇ロの6人 即堕ち 触手編",https://www.dlsite.com/maniax/work/=/product_id/RJ01572086.html,,"ボ〇ロの6人 即堕ち 触手編",illust
259,2026-02-20T18:28:59+00:00,RJ01569713,"まほうつかいのしゅうせい",https://www.dlsite.com/maniax/work/=/product_id/RJ01569713.html,,"まほうつかいのしゅうせい",illust
260,2026-02-20T18:28:59+00:00,RJ01564713,"濡れやすい巨乳彼女2",https://www.dlsite.com/maniax/work/=/product_id/RJ01564713.html,,"濡れやすい巨乳彼女2",illust
261,2026-02-20T18:28:59+00:00,RJ01556453,"陰キャ君の母親は俺専用オナホ フルカラー",https://www.dlsite.com/maniax/work/=/product_id/RJ01556453.html,,"陰キャ君の母親は俺専用オナホ フルカラー",illust
262,2026-02-20T18:28:59+00:00,RJ01561276,"灯台守とナミafter2 2人きりの時間を満喫する話",https://www.dlsite.com/maniax/work/=/product_id/RJ01561276.html,,"灯台守とナミafter2 2人きりの時間を満喫する話",illust
263,2026-02-20T18:28:59+00:00,RJ01569760,"彼女だと思っていたらただのセフレでした",https://www.dlsite.com/maniax/work/=/product_id/RJ01569760.html,,"彼女だと思っていたらただのセフレでした",illust
264,2026-02-20T18:28:59+00:00,RJ01571451,"緊縛と縄の食い込み×多重猿轡×必死な藻掻きとうめき声 ～職業別5編～",https://www.dlsite.com/maniax/work/=/product_id/RJ01571451.html,,"緊縛と縄の食い込み×多重猿轡×必死な藻掻きとうめき声 ～職業別5編～",illust
265,2026-02-20T18:28:59+00:00,RJ01572574,"カ〇デア4コマ劇場総集編",https://www.dlsite.com/maniax/work/=/product_id/RJ01572574.html,,"カ〇デア4コマ劇場総集編",illust
266,2026-02-20T18:28:59+00:00,RJ01571094,"弟は姉には敵わない",https://www.dlsite.com/maniax/work/=/product_id/RJ01571094.html,,"弟は姉には敵わない",illust
267,2026-02-20T18:28:59+00:00,RJ01571192,"欲望回帰-[縄と猿轡と触手の世界]ティ〇ァ×ユ〇ィ×歌姫コンプリート生贄パック-",https://www.dlsite.com/maniax/work/=/product_id/RJ01571192.html,,"欲望回帰-[縄と猿轡と触手の世界]ティ〇ァ×ユ〇ィ×歌姫コンプリート生贄パック-",illust
268,2026-02-20T18:28:59+00:00,RJ01572525,"クエスト失敗学ep22痛み",https://www.dlsite.com/maniax/work/=/product_id/RJ01572525.html,,"クエスト失敗学ep22痛み",illust
269,2026-02-20T18:28:59+00:00,RJ01564868,"年下彼女は感度良好～コスプレで挑発してくる淫乱爆乳女にお仕置きわからせっくす‼～",https://www.dlsite.com/maniax/work/=/product_id/RJ01564868.html,,"年下彼女は感度良好～コスプレで挑発してくる淫乱爆乳女にお仕置きわからせっくす‼～",illust
270,2026-02-20T18:28:59+00:00,RJ01571657,"【実演去勢】ナース服でハサミでチョキ！チョキ！と玉袋を切らフェラチオされ男の潮吹きするときにパイプカットされる音声",https://www.dlsite.com/maniax/work/=/product_id/RJ01571657.html,,"【実演去勢】ナース服でハサミでチョキ！チョキ！と玉袋を切らフェラチオされ男の潮吹きするときにパイプカットされる音声",illust
271,2026-02-20T18:28:59+00:00,RJ01569560,"エ〇い事してシバかれたい",https://www.dlsite.com/maniax/work/=/product_id/RJ01569560.html,,"エ〇い事してシバかれたい",illust
272,2026-02-20T18:28:59+00:00,RJ01572652,"【オナサポ】スケベな人妻たちのシコれる喘ぎ声",https://www.dlsite.com/maniax/work/=/product_id/RJ01572652.html,,"【オナサポ】スケベな人妻たちのシコれる喘ぎ声",illust
273,2026-02-20T18:28:59+00:00,RJ01572269,"ダンス24",https://www.dlsite.com/maniax/work/=/product_id/RJ01572269.html,,"ダンス24",illust
274,2026-02-20T18:28:59+00:00,RJ01571536,"【動画】お嬢様が百合少女にカンチョーされる",https://www.dlsite.com/maniax/work/=/product_id/RJ01571536.html,,"【動画】お嬢様が百合少女にカンチョーされる",illust
275,2026-02-20T18:28:59+00:00,RJ01154781,"育成!おねショタ!えーぶい男優!! Lesson.1 フェラコキ我慢 THE NOVEL",https://www.dlsite.com/maniax/work/=/product_id/RJ01154781.html,,"育成!おねショタ!えーぶい男優!! Lesson.1 フェラコキ我慢 THE NOVEL",illust
276,2026-02-20T18:28:59+00:00,RJ01572301,"1日で激ヤセするエロジムに行ったら 人生変わった話",https://www.dlsite.com/maniax/work/=/product_id/RJ01572301.html,,"1日で激ヤセするエロジムに行ったら 人生変わった話",illust
277,2026-02-20T18:28:59+00:00,RJ01554106,"無精子症の僕、そして妻の子宮に実父の精子が注がれる。",https://www.dlsite.com/maniax/work/=/product_id/RJ01554106.html,,"無精子症の僕、そして妻の子宮に実父の精子が注がれる。",illust
278,2026-02-20T18:28:59+00:00,RJ01547041,"あらぶる〜リコと第三王女セックス三昧〜",https://www.dlsite.com/maniax/work/=/product_id/RJ01547041.html,,"あらぶる〜リコと第三王女セックス三昧〜",illust
279,2026-02-20T18:28:59+00:00,RJ01547366,"【動画4本】鳴○の散華と楽しむサキュバス・インキュバスNTRプレイ【鳴○】",https://www.dlsite.com/maniax/work/=/product_id/RJ01547366.html,,"【動画4本】鳴○の散華と楽しむサキュバス・インキュバスNTRプレイ【鳴○】",illust
280,2026-02-20T18:28:59+00:00,RJ01547716,"【動画4本】ドルフロのクルカイと楽しむ黒人ネトラレ動画パック【ドールズフ〇ントライン】",https://www.dlsite.com/maniax/work/=/product_id/RJ01547716.html,,"【動画4本】ドルフロのクルカイと楽しむ黒人ネトラレ動画パック【ドールズフ〇ントライン】",illust
281,2026-02-20T18:28:59+00:00,RJ01560350,"【立ち絵素材179】インナーカラーのワンピース女性(全身・髪色差分あり)",https://www.dlsite.com/maniax/work/=/product_id/RJ01560350.html,,"【立ち絵素材179】インナーカラーのワンピース女性(全身・髪色差分あり)",illust
282,2026-02-20T18:28:59+00:00,RJ01572556,"【TRPG立ち絵】上流階級の少女・お嬢様|大正ロマン立ち絵  No.8",https://www.dlsite.com/maniax/work/=/product_id/RJ01572556.html,,"【TRPG立ち絵】上流階級の少女・お嬢様|大正ロマン立ち絵 No.8",illust
283,2026-02-20T18:28:59+00:00,RJ01572654,"【TRPG立ち絵】通行人・目撃者|女子高生・セーラー服NPC(髪型3種類)|大正ロマン立ち絵 No.10",https://www.dlsite.com/maniax/work/=/product_id/RJ01572654.html,,"【TRPG立ち絵】通行人・目撃者|女子高生・セーラー服NPC(髪型3種類)|大正ロマン立ち絵 No.10",illust
284,2026-02-20T18:28:59+00:00,RJ01572648,"【TRPG立ち絵】上流階級の資産家・当主 / スーツ&着物|大正ロマン立ち絵  No.9",https://www.dlsite.com/maniax/work/=/product_id/RJ01572648.html,,"【TRPG立ち絵】上流階級の資産家・当主 / スーツ&着物|大正ロマン立ち絵 No.9",illust
285,2026-02-20T18:28:59+00:00,RJ01572658,"【TRPG素材セット】大正ロマン・貴族屋敷の応接間 いちシーン完結パック| セットNo.2イラスト素材",https://www.dlsite.com/maniax/work/=/product_id/RJ01572658.html,,"【TRPG素材セット】大正ロマン・貴族屋敷の応接間 いちシーン完結パック| セットNo.2イラスト素材",illust
286,2026-02-20T18:28:59+00:00,RJ01572668,"【TRPG素材セット】大正ロマン・街中/上流階級の人々 シーン完結パック| セットNo. 3",https://www.dlsite.com/maniax/work/=/product_id/RJ01572668.html,,"【TRPG素材セット】大正ロマン・街中/上流階級の人々 シーン完結パック| セットNo. 3",illust
287,2026-02-20T18:28:59+00:00,RJ01571662,"勃物館精魂液-埃及篇",https://www.dlsite.com/maniax/work/=/product_id/RJ01571662.html,,"勃物館精魂液-埃及篇",illust
288,2026-02-20T18:28:59+00:00,RJ01572054,"【ASMR】ゆうな-301号室-自宅マンション-盗〇-オナニー-部屋着-14分50秒",https://www.dlsite.com/maniax/work/=/product_id/RJ01572054.html,,"【ASMR】ゆうな-301号室-自宅マンション-盗〇-オナニー-部屋着-14分50秒",illust
289,2026-02-20T18:28:59+00:00,RJ01572644,"二月二十",https://www.dlsite.com/maniax/work/=/product_id/RJ01572644.html,,"二月二十",illust
290,2026-02-20T18:28:59+00:00,RJ01572643,"【立ち絵素材】セーラー少女<B>",https://www.dlsite.com/maniax/work/=/product_id/RJ01572643.html,,"【立ち絵素材】セーラー少女<B>",illust
291,2026-02-20T18:28:59+00:00,RJ01572647,"【立ち絵素材】セーラー少女<B>【3色セット】",https://www.dlsite.com/maniax/work/=/product_id/RJ01572647.html,,"【立ち絵素材】セーラー少女<B>【3色セット】",illust
292,2026-02-20T18:28:59+00:00,RJ01488668,"【スペイン語版】メスダチ改",https://www.dlsite.com/maniax/work/=/product_id/RJ01488668.html,,"【スペイン語版】メスダチ改",illust
293,2026-02-20T18:28:59+00:00,RJ01078994,"【繁体中文版】聖装煌姫セイクリッドフレア-屈辱の強○服従洗脳-",https://www.dlsite.com/maniax/work/=/product_id/RJ01078994.html,,"【繁体中文版】聖装煌姫セイクリッドフレア-屈辱の強○服従洗脳-",illust
294,2026-02-20T18:28:59+00:00,RJ01543439,"【フランス語版】梱包少女5",https://www.dlsite.com/maniax/work/=/product_id/RJ01543439.html,,"【フランス語版】梱包少女5",illust
295,2026-02-20T18:28:59+00:00,RJ01142561,"【スペイン語版】実姉JKと友姉JKを何度も交換♪ 甘いちゃスワッピング童貞筆おろし♪",https://www.dlsite.com/maniax/work/=/product_id/RJ01142561.html,,"【スペイン語版】実姉JKと友姉JKを何度も交換♪ 甘いちゃスワッピング童貞筆おろし♪",illust
296,2026-02-20T18:28:59+00:00,RJ01536512,"【繁体中文版】エロドル出演中",https://www.dlsite.com/maniax/work/=/product_id/RJ01536512.html,,"【繁体中文版】エロドル出演中",illust
297,2026-02-20T18:28:59+00:00,RJ01472775,"【繁体中文版】【百合怪談】高千穂アキラのレンアイ怪談【CV:土屋李央】",https://www.dlsite.com/maniax/work/=/product_id/RJ01472775.html,,"【繁体中文版】【百合怪談】高千穂アキラのレンアイ怪談【CV:土屋李央】",illust
298,2026-02-20T18:28:59+00:00,RJ01562610,"【簡体中文版】ふたなり妹が大好きなお姉ちゃんを睡眠○する話",https://www.dlsite.com/maniax/work/=/product_id/RJ01562610.html,,"【簡体中文版】ふたなり妹が大好きなお姉ちゃんを睡眠○する話",illust
299,2026-02-20T18:28:59+00:00,RJ01543418,"【フランス語版】女同士のセックスが見たかっただけなのに私もすることになったんだが!",https://www.dlsite.com/maniax/work/=/product_id/RJ01543418.html,,"【フランス語版】女同士のセックスが見たかっただけなのに私もすることになったんだが!",illust
300,2026-02-20T18:28:59+00:00,RJ01543431,"【フランス語版】社内の秘め事～ストレス解消に会社のトイレでオナニーしていたら、後輩に聞かれてしまっていた話～",https://www.dlsite.com/maniax/work/=/product_id/RJ01543431.html,,"【フランス語版】社内の秘め事～ストレス解消に会社のトイレでオナニーしていたら、後輩に聞かれてしまっていた話～",illust
301,2026-02-20T18:28:59+00:00,RJ01543429,"【スペイン語版】社内の秘め事～ストレス解消に会社のトイレでオナニーしていたら、後輩に聞かれてしまっていた話～",https://www.dlsite.com/maniax/work/=/product_id/RJ01543429.html,,"【スペイン語版】社内の秘め事～ストレス解消に会社のトイレでオナニーしていたら、後輩に聞かれてしまっていた話～",illust
302,2026-02-20T18:28:59+00:00,RJ01554600,"【英語版】無人島でデカ尻ムチムチアマゾネスさんと汗だくSEX",https://www.dlsite.com/maniax/work/=/product_id/RJ01554600.html,,"【英語版】無人島でデカ尻ムチムチアマゾネスさんと汗だくSEX",illust
303,2026-02-20T18:28:59+00:00,RJ01543454,"【フランス語版】ふた×女マッチングアプリで出会ったふたなり馬ちん娘にハメ倒される！！",https://www.dlsite.com/maniax/work/=/product_id/RJ01543454.html,,"【フランス語版】ふた×女マッチングアプリで出会ったふたなり馬ちん娘にハメ倒される！！",illust
304,2026-02-20T18:28:59+00:00,RJ01542085,"【繁体中文版】完全拘束脱出マジック！ユナママの特訓から生還できるのか！?その3",https://www.dlsite.com/maniax/work/=/product_id/RJ01542085.html,,"【繁体中文版】完全拘束脱出マジック！ユナママの特訓から生還できるのか！?その3",illust
305,2026-02-20T18:28:59+00:00,RJ01559658,"【簡体中文版】12Animals Rumble2024",https://www.dlsite.com/maniax/work/=/product_id/RJ01559658.html,,"【簡体中文版】12Animals Rumble2024",illust
306,2026-02-20T18:28:59+00:00,RJ01558293,"【繁体中文版】【たっぷり長編】過保護な僧侶姉妹は勇者様を濃厚ミルクで甘やかしたい♡【KU100】",https://www.dlsite.com/maniax/work/=/product_id/RJ01558293.html,,"【繁体中文版】【たっぷり長編】過保護な僧侶姉妹は勇者様を濃厚ミルクで甘やかしたい♡【KU100】",illust
307,2026-02-20T18:28:59+00:00,RJ01541070,"【簡体中文版】P活女子まいたその場合",https://www.dlsite.com/maniax/work/=/product_id/RJ01541070.html,,"【簡体中文版】P活女子まいたその場合",illust
308,2026-02-20T18:28:59+00:00,RJ01559526,"【簡体中文版】仕掛けたのはそっちだから！",https://www.dlsite.com/maniax/work/=/product_id/RJ01559526.html,,"【簡体中文版】仕掛けたのはそっちだから！",illust
309,2026-02-20T18:28:59+00:00,RJ01556212,"【繁体中文版】見習い天使アニマピュア01",https://www.dlsite.com/maniax/work/=/product_id/RJ01556212.html,,"【繁体中文版】見習い天使アニマピュア01",illust
310,2026-02-20T18:28:59+00:00,RJ01560711,"【簡体中文版】隣の部屋の淫魔妻。",https://www.dlsite.com/maniax/work/=/product_id/RJ01560711.html,,"【簡体中文版】隣の部屋の淫魔妻。",illust
311,2026-02-20T18:28:59+00:00,RJ01547014,"【繁体中文版】ケモノ女子達の事情",https://www.dlsite.com/maniax/work/=/product_id/RJ01547014.html,,"【繁体中文版】ケモノ女子達の事情",illust
312,2026-02-20T18:28:59+00:00,RJ01553102,"【繁体中文版】✅Live2D同梱✅「好きって言いながら中に出して?」～あなたのおちんぽでしかイケなくなった発情カノジョとねっとり愛を深めるいちゃらぶ性活～",https://www.dlsite.com/maniax/work/=/product_id/RJ01553102.html,,"【繁体中文版】✅Live2D同梱✅「好きって言いながら中に出して?」～あなたのおちんぽでしかイケなくなった発情カノジョとねっとり愛を深めるいちゃらぶ性活～",illust
313,2026-02-20T18:28:59+00:00,RJ01566004,"【簡体中文版】人妻改牢 〜旦那想いの人妻は催○で淫らな風俗嬢へ変わり果てる〜",https://www.dlsite.com/maniax/work/=/product_id/RJ01566004.html,,"【簡体中文版】人妻改牢 〜旦那想いの人妻は催○で淫らな風俗嬢へ変わり果てる〜",illust
314,2026-02-20T18:28:59+00:00,RJ01558510,"【繁体中文版】陰キャ女友達と一緒に成人式サボってヤりまくり",https://www.dlsite.com/maniax/work/=/product_id/RJ01558510.html,,"【繁体中文版】陰キャ女友達と一緒に成人式サボってヤりまくり",illust
315,2026-02-20T18:28:59+00:00,RJ01558328,"【韓国語版】陰キャ女友達と一緒に成人式サボってヤりまくり",https://www.dlsite.com/maniax/work/=/product_id/RJ01558328.html,,"【韓国語版】陰キャ女友達と一緒に成人式サボってヤりまくり",illust
316,2026-02-20T18:28:59+00:00,RJ01562849,"【簡体中文版】完全拘束脱出マジック！回転ノコギリで真っ二つにされて生還できるのか！?",https://www.dlsite.com/maniax/work/=/product_id/RJ01562849.html,,"【簡体中文版】完全拘束脱出マジック！回転ノコギリで真っ二つにされて生還できるのか！?",illust
317,2026-02-20T18:28:59+00:00,RJ01562987,"【韓国語版】路地裏の天使[SWITCH:ON]",https://www.dlsite.com/maniax/work/=/product_id/RJ01562987.html,,"【韓国語版】路地裏の天使[SWITCH:ON]",illust
